Open,High,Low,Close,OUTPUT
1302.622,1302.622,1302.622,1302.622,0
1302.922,1303.371,1302.231,1302.968,0
1302.968,1303.192,1302.731,1303.079,0
1303.079,1303.758,1302.948,1303.758,0
1303.758,1304.069,1303.661,1303.748,1
1303.748,1304.838,1303.748,1304.768,0
1304.768,1306.308,1304.668,1306.301,0
1306.301,1307.602,1306.121,1306.538,0
1306.538,1307.079,1306.538,1306.738,0
1306.738,1307.142,1306.531,1307.142,0
1307.142,1307.268,1306.931,1306.941,1
1306.942,1307.058,1306.838,1306.999,0
1306.999,1307.048,1306.658,1306.711,1
1306.711,1306.809,1306.489,1306.491,1
1306.491,1306.491,1305.501,1305.512,1
1305.511,1305.679,1305.211,1305.662,0
1305.658,1306.109,1305.641,1305.641,1
1305.641,1305.812,1305.531,1305.748,0
1305.741,1305.981,1305.541,1305.858,0
1305.858,1306.312,1305.848,1306.039,0
1306.048,1306.111,1306.038,1306.088,0
1306.068,1306.758,1306.058,1306.739,0
1306.731,1307.308,1306.599,1306.888,0
1306.889,1306.998,1306.489,1306.498,1
1306.498,1306.742,1306.251,1306.292,1
1306.291,1306.391,1304.171,1305.139,1
1305.128,1305.911,1304.829,1305.601,0
1305.621,1305.682,1304.922,1305.142,1
1305.141,1305.938,1305.141,1305.822,0
1305.821,1305.932,1305.508,1305.738,1
1305.731,1306.242,1305.641,1306.191,0
1306.198,1306.651,1306.069,1306.111,1
1306.112,1306.762,1306.058,1306.752,0
1306.751,1306.952,1306.508,1306.521,1
1306.528,1306.948,1306.521,1306.732,0
1306.731,1306.848,1306.308,1306.308,1
1306.308,1306.448,1305.991,1306.141,1
1306.142,1306.552,1306.101,1306.451,0
1306.452,1306.639,1306.341,1306.548,0
1306.558,1306.688,1306.458,1306.568,0
1306.561,1306.598,1306.468,1306.549,1
1306.549,1306.682,1306.431,1306.541,1
1306.542,1306.772,1306.442,1306.529,1
1306.529,1306.581,1305.832,1305.951,1
1305.962,1306.192,1305.882,1306.191,0
1306.191,1306.192,1306.001,1306.162,1
1306.161,1306.182,1305.418,1305.681,1
1305.682,1306.072,1305.608,1305.972,0
1305.971,1306.192,1305.841,1305.949,1
1305.941,1305.952,1305.421,1305.441,1
1305.442,1306.298,1305.381,1306.229,0
1306.229,1306.419,1306.141,1306.242,0
1306.242,1306.981,1306.241,1306.929,0
1306.921,1307.062,1306.641,1306.828,1
1306.821,1306.902,1306.731,1306.888,0
1306.908,1307.348,1306.671,1307.312,0
1307.311,1307.422,1306.988,1307.072,1
1307.071,1307.252,1307.002,1307.121,0
1307.122,1307.122,1306.741,1306.781,1
1306.781,1306.831,1306.611,1306.721,1
1306.721,1306.731,1306.399,1306.438,1
1306.438,1306.538,1306.431,1306.438,0
1306.438,1306.452,1306.311,1306.348,1
1306.348,1306.472,1306.341,1306.461,0
1306.462,1306.642,1306.441,1306.531,0
1306.532,1306.588,1306.429,1306.528,1
1306.531,1306.761,1306.521,1306.728,0
1306.728,1306.752,1306.609,1306.611,1
1306.612,1306.612,1306.492,1306.531,1
1306.532,1306.992,1306.502,1306.939,0
1306.939,1307.049,1306.931,1307.041,0
1307.042,1307.239,1307.031,1307.121,0
1307.121,1307.252,1307.111,1307.162,0
1307.161,1307.162,1307.081,1307.142,1
1307.132,1307.132,1307.011,1307.011,1
1307.012,1307.022,1306.911,1306.931,1
1306.931,1307.059,1306.909,1307.059,0
1307.059,1307.172,1307.058,1307.151,0
1307.151,1307.308,1307.058,1307.259,0
1307.259,1307.261,1306.771,1306.941,1
1306.941,1307.058,1306.831,1306.911,1
1306.902,1307.321,1306.841,1307.321,0
1307.322,1307.341,1307.071,1307.299,1
1307.299,1307.302,1307.181,1307.298,1
1307.298,1307.621,1307.201,1307.379,0
1307.381,1308.182,1307.371,1308.011,0
1308.019,1308.981,1308.009,1308.442,0
1308.431,1308.669,1308.241,1308.622,0
1308.622,1308.719,1308.281,1308.398,1
1308.398,1308.798,1308.301,1308.652,0
1308.652,1308.999,1308.481,1308.999,0
1308.999,1309.212,1308.781,1308.811,1
1308.812,1308.949,1308.568,1308.761,1
1308.761,1308.882,1308.621,1308.701,1
1308.691,1308.722,1308.478,1308.718,0
1308.718,1309.489,1308.709,1309.399,0
1309.399,1309.979,1308.589,1309.921,0
1309.902,1310.252,1309.551,1309.692,1
1309.681,1310.089,1309.431,1309.999,0
1309.999,1310.239,1309.491,1309.581,1
1309.582,1309.692,1309.061,1309.171,1
1309.171,1309.309,1308.891,1309.208,0
1309.208,1309.632,1309.122,1309.328,0
1309.328,1309.729,1309.328,1309.401,0
1309.409,1309.459,1308.829,1309.219,1
1309.219,1309.389,1308.802,1309.332,0
1309.349,1309.478,1309.012,1309.158,1
1309.158,1309.189,1308.951,1309.072,1
1309.099,1309.498,1309.059,1309.388,0
1309.388,1309.502,1308.581,1308.901,1
1308.902,1309.022,1308.469,1308.942,0
1308.942,1309.161,1308.721,1309.061,0
1309.061,1309.292,1309.041,1309.292,0
1309.299,1309.501,1309.118,1309.389,0
1309.389,1309.602,1309.268,1309.591,0
1309.592,1310.299,1309.568,1310.182,0
1310.181,1310.759,1310.091,1310.711,0
1310.702,1310.822,1310.301,1310.401,1
1310.391,1310.611,1310.121,1310.192,1
1310.192,1310.192,1309.938,1309.991,1
1310.001,1310.292,1309.948,1310.211,0
1310.188,1310.312,1309.962,1310.192,0
1310.191,1310.712,1310.052,1310.691,0
1310.691,1310.742,1310.401,1310.591,1
1310.602,1310.911,1310.361,1310.558,1
1310.558,1310.592,1310.091,1310.158,1
1310.171,1310.468,1310.112,1310.432,0
1310.431,1310.919,1310.431,1310.862,0
1310.861,1311.121,1310.661,1310.989,0
1310.989,1311.412,1310.769,1311.201,0
1311.201,1311.939,1311.181,1311.561,0
1311.578,1311.909,1311.351,1311.782,0
1311.772,1312.359,1311.759,1312.239,0
1312.172,1312.282,1311.442,1311.458,1
1311.458,1311.682,1311.182,1311.331,1
1311.331,1311.399,1310.381,1310.442,1
1310.462,1310.462,1310.122,1310.378,1
1310.378,1310.792,1310.351,1310.681,0
1310.682,1311.092,1310.671,1310.989,0
1310.952,1312.832,1310.952,1312.661,0
1312.661,1312.688,1312.038,1312.081,1
1312.081,1312.272,1311.908,1312.232,0
1312.231,1312.462,1311.931,1311.942,1
1311.941,1312.012,1311.698,1311.711,1
1311.702,1312.101,1311.638,1311.842,0
1311.841,1311.872,1311.418,1311.711,1
1311.711,1312.272,1311.688,1312.201,0
1312.202,1312.202,1311.951,1312.159,1
1312.151,1312.162,1311.641,1311.741,1
1311.741,1311.741,1311.311,1311.431,1
1311.432,1311.532,1311.292,1311.422,1
1311.422,1311.729,1311.381,1311.682,0
1311.681,1311.729,1311.421,1311.432,1
1311.511,1311.562,1310.681,1310.808,1
1310.828,1310.829,1310.521,1310.542,1
1310.542,1310.702,1310.361,1310.671,0
1310.668,1310.749,1310.141,1310.161,1
1310.151,1310.491,1310.078,1310.372,0
1310.372,1311.229,1310.371,1311.182,0
1311.189,1311.992,1311.108,1311.878,0
1311.898,1311.909,1311.282,1311.602,1
1311.601,1311.862,1311.471,1311.532,1
1311.531,1311.608,1311.341,1311.601,0
1311.602,1311.782,1311.491,1311.612,0
1311.611,1311.802,1311.378,1311.731,0
1311.732,1312.002,1311.671,1311.791,0
1311.791,1312.111,1311.601,1311.911,0
1311.922,1312.582,1311.711,1312.462,0
1312.461,1312.462,1311.941,1312.061,1
1312.061,1312.472,1311.879,1312.382,0
1312.382,1312.872,1311.891,1311.891,1
1311.891,1312.379,1311.868,1312.101,0
1312.119,1312.621,1312.078,1312.548,0
1312.698,1312.979,1312.452,1312.941,0
1312.942,1313.292,1312.751,1313.031,0
1313.039,1313.831,1313.022,1313.811,0
1313.812,1313.882,1313.408,1313.861,0
1313.851,1314.102,1313.458,1313.721,1
1313.741,1313.852,1312.991,1313.101,1
1313.061,1313.942,1313.031,1313.858,0
1313.851,1314.372,1313.441,1313.888,0
1313.861,1314.298,1313.762,1313.972,0
1313.981,1314.322,1313.939,1314.111,0
1314.119,1314.302,1313.471,1313.611,1
1313.612,1313.782,1313.312,1313.631,0
1313.642,1313.772,1313.368,1313.421,1
1313.411,1313.599,1313.149,1313.211,1
1313.199,1314.531,1312.811,1314.001,0
1314.002,1314.279,1313.271,1313.681,1
1313.681,1313.758,1312.431,1313.231,1
1313.231,1313.509,1312.958,1313.261,0
1313.298,1313.309,1312.381,1312.462,1
1312.451,1312.778,1312.211,1312.631,0
1312.632,1312.828,1310.832,1312.341,1
1312.341,1312.921,1312.251,1312.731,0
1312.742,1313.302,1312.471,1313.131,0
1313.132,1313.202,1311.801,1312.481,1
1312.482,1313.272,1312.378,1313.191,0
1313.192,1313.572,1312.142,1312.222,1
1312.262,1312.862,1312.019,1312.291,0
1312.282,1312.921,1312.259,1312.691,0
1312.699,1312.842,1312.058,1312.282,1
1312.289,1312.669,1312.239,1312.621,0
1312.622,1312.729,1312.131,1312.242,1
1312.242,1312.591,1311.911,1312.201,1
1312.221,1312.762,1312.171,1312.721,0
1312.722,1313.302,1312.451,1313.229,0
1313.221,1313.601,1312.751,1313.029,1
1313.019,1313.108,1312.418,1312.908,1
1312.889,1313.179,1312.591,1312.861,1
1312.869,1312.908,1312.408,1312.591,1
1312.592,1312.651,1312.029,1312.172,1
1312.171,1312.412,1312.101,1312.292,0
1312.291,1312.662,1312.191,1312.322,0
1312.328,1312.662,1311.671,1312.021,1
1312.011,1312.291,1311.411,1311.689,1
1311.699,1311.849,1311.268,1311.308,1
1311.232,1311.928,1311.209,1311.569,0
1311.558,1311.829,1311.431,1311.798,0
1311.809,1311.931,1311.381,1311.651,1
1311.652,1311.682,1311.218,1311.252,1
1311.248,1311.861,1311.191,1311.812,0
1311.822,1311.991,1311.302,1311.602,1
1311.601,1311.812,1311.481,1311.579,1
1311.572,1311.792,1311.331,1311.461,1
1311.462,1311.812,1311.421,1311.731,0
1311.721,1312.232,1311.721,1312.231,0
1312.191,1312.202,1311.781,1311.811,1
1311.821,1312.441,1311.741,1312.402,0
1312.461,1312.901,1312.371,1312.801,0
1312.808,1313.322,1312.701,1313.322,0
1313.322,1313.431,1313.121,1313.302,1
1313.302,1313.388,1312.901,1313.162,1
1313.181,1313.632,1313.058,1313.572,0
1313.571,1314.582,1313.351,1314.552,0
1314.561,1314.561,1313.808,1314.341,1
1314.342,1314.462,1314.031,1314.311,1
1314.332,1314.539,1313.818,1314.272,1
1314.272,1314.272,1313.881,1314.102,1
1314.102,1314.359,1313.882,1314.349,0
1314.338,1314.812,1314.301,1314.512,0
1314.511,1314.858,1314.461,1314.848,0
1314.848,1315.149,1314.811,1315.018,0
1315.039,1315.149,1314.931,1314.972,1
1314.981,1315.182,1314.899,1315.071,0
1315.071,1315.102,1314.498,1314.681,1
1314.682,1315.172,1314.681,1315.162,0
1315.152,1315.491,1315.151,1315.321,0
1315.338,1315.538,1315.191,1315.451,0
1315.451,1315.528,1315.001,1315.239,1
1315.232,1315.759,1315.231,1315.532,0
1315.538,1315.739,1315.441,1315.628,0
1315.621,1316.162,1315.601,1315.942,0
1315.941,1316.141,1315.658,1316.008,0
1316.009,1316.661,1316.009,1316.551,0
1316.531,1316.839,1316.321,1316.452,1
1316.451,1316.451,1316.179,1316.391,1
1316.392,1316.609,1316.028,1316.251,1
1316.252,1316.609,1316.151,1316.609,0
1316.561,1317.439,1316.561,1317.371,0
1317.391,1318.322,1317.332,1317.779,0
1317.799,1318.002,1317.631,1317.971,0
1317.972,1318.222,1317.671,1317.771,1
1317.771,1318.422,1317.711,1318.422,0
1318.371,1318.472,1317.949,1318.272,1
1318.272,1318.371,1317.558,1318.042,1
1318.049,1318.482,1318.041,1318.422,0
1318.421,1318.852,1317.792,1318.002,1
1318.032,1318.122,1317.372,1317.752,1
1317.758,1317.862,1317.651,1317.851,0
1317.868,1317.878,1317.641,1317.641,1
1317.652,1317.702,1317.631,1317.671,0
1317.671,1317.691,1317.582,1317.631,1
1317.651,1318.022,1317.651,1318.022,0
1318.021,1318.112,1317.971,1317.971,1
1317.971,1318.172,1317.771,1317.822,1
1317.802,1317.972,1316.859,1316.958,1
1316.958,1316.958,1316.958,1316.958,0
1317.502,1317.802,1317.091,1317.371,1
1317.502,1317.952,1317.371,1317.852,0
1317.851,1318.372,1317.748,1318.371,0
1318.371,1318.818,1318.118,1318.619,0
1318.608,1318.898,1318.608,1318.698,0
1318.698,1318.748,1318.519,1318.609,1
1318.598,1319.409,1318.488,1319.308,0
1319.298,1319.938,1319.288,1319.908,0
1319.908,1321.401,1319.878,1320.761,0
1320.761,1320.819,1319.919,1319.951,1
1319.952,1320.152,1319.921,1320.132,0
1320.132,1320.272,1320.031,1320.211,0
1320.251,1320.582,1320.131,1320.572,0
1320.571,1320.742,1320.322,1320.691,0
1320.692,1320.972,1320.631,1320.861,0
1320.868,1320.962,1320.661,1320.858,1
1320.878,1321.281,1320.711,1321.181,0
1321.181,1321.192,1320.552,1320.651,1
1320.662,1320.922,1320.261,1320.321,1
1320.321,1320.681,1320.272,1320.661,0
1320.682,1321.172,1320.661,1321.082,0
1321.081,1321.192,1320.961,1321.002,1
1321.001,1321.052,1320.818,1320.871,1
1320.872,1320.891,1320.581,1320.611,1
1320.611,1320.612,1318.711,1319.191,1
1319.192,1320.301,1319.181,1319.852,0
1319.851,1320.352,1319.691,1320.352,0
1320.371,1320.602,1319.852,1319.881,1
1319.881,1320.312,1319.751,1319.761,1
1319.762,1319.912,1319.571,1319.652,1
1319.631,1319.672,1319.161,1319.471,1
1319.471,1319.472,1316.92,1317.741,1
1317.711,1318.011,1317.461,1317.781,0
1317.782,1317.792,1317.138,1317.532,1
1317.532,1317.912,1317.521,1317.852,0
1317.832,1318.251,1317.811,1318.221,0
1318.212,1318.371,1317.819,1317.901,1
1317.901,1317.902,1317.081,1317.111,1
1317.111,1317.242,1316.771,1316.791,1
1316.791,1317.232,1316.771,1316.821,0
1316.831,1316.831,1315.368,1315.871,1
1315.871,1316.212,1315.521,1315.922,0
1315.912,1315.962,1314.861,1315.191,1
1315.192,1315.281,1313.771,1313.771,1
1313.811,1314.121,1312.771,1313.011,1
1313.032,1314.299,1312.901,1313.701,0
1313.702,1313.832,1313.181,1313.611,1
1313.622,1313.652,1312,1312.201,1
1312.312,1312.892,1312,1312.772,0
1312.771,1312.772,1312.291,1312.292,1
1312.299,1312.401,1312,1312.102,1
1312.112,1313.142,1312.001,1313.119,0
1313.101,1313.199,1312.958,1313.002,1
1313.001,1313.002,1312.539,1312.602,1
1312.591,1313.712,1312.581,1313.661,0
1313.662,1314.092,1313.561,1313.751,0
1313.672,1313.999,1313.569,1313.898,0
1313.878,1314.662,1313.878,1314.341,0
1314.442,1314.451,1314.031,1314.262,1
1314.251,1314.272,1313.779,1314.071,1
1314.062,1314.071,1313.441,1313.732,1
1313.731,1313.752,1312.281,1312.282,1
1312.282,1313.501,1312.281,1313.391,0
1313.401,1313.702,1313.181,1313.271,1
1313.272,1313.482,1313.261,1313.471,0
1313.472,1313.892,1313.461,1313.681,0
1313.682,1313.921,1313.581,1313.872,0
1313.871,1314.042,1313.771,1314.042,0
1314.041,1314.071,1313.558,1313.601,1
1313.602,1313.691,1313.561,1313.602,0
1313.592,1313.592,1313.052,1313.182,1
1313.171,1313.612,1313.102,1313.581,0
1313.581,1313.622,1313.468,1313.482,1
1313.481,1313.682,1313.281,1313.682,0
1313.682,1313.812,1313.671,1313.751,0
1313.752,1313.801,1313.662,1313.781,0
1313.781,1314.082,1313.682,1313.982,0
1313.981,1314.192,1313.981,1313.998,0
1313.998,1314.291,1313.751,1314.259,0
1314.238,1314.682,1314.138,1314.542,0
1314.541,1314.561,1314.371,1314.448,1
1314.441,1314.468,1314.249,1314.271,1
1314.272,1314.612,1313.981,1314.521,0
1314.522,1314.732,1314.479,1314.591,0
1314.592,1314.921,1314.391,1314.821,0
1314.802,1315.401,1314.741,1315.342,0
1315.341,1315.342,1315.081,1315.081,1
1315.081,1315.099,1314.521,1314.532,1
1314.531,1314.928,1314.462,1314.772,0
1314.769,1314.828,1314.549,1314.592,1
1314.571,1314.661,1313.219,1313.362,1
1313.351,1313.571,1312.892,1313.542,0
1313.542,1314.021,1313.371,1314.001,0
1313.992,1314.102,1313.481,1313.522,1
1313.521,1313.742,1312.982,1313.042,1
1313.041,1313.261,1313.001,1313.192,0
1313.171,1313.322,1312.179,1312.191,1
1312.191,1312.521,1312,1312.421,0
1312.422,1312.582,1312.281,1312.422,0
1312.421,1312.791,1312.411,1312.591,0
1312.591,1313.111,1312.531,1313.008,0
1313.008,1313.142,1312.791,1312.911,1
1312.912,1313.261,1312.881,1313.259,0
1313.252,1314.238,1313.138,1313.968,0
1313.959,1314.138,1313.648,1313.731,1
1313.732,1313.732,1312.921,1312.941,1
1312.941,1313.162,1312.728,1312.951,0
1312.952,1313.732,1312.939,1313.632,0
1313.631,1314.129,1313.421,1314.022,0
1314.021,1314.238,1313.611,1314.208,0
1314.101,1314.302,1313.981,1314.298,0
1314.298,1314.722,1314.298,1314.688,0
1314.698,1314.728,1313.952,1314.688,1
1314.688,1315.038,1314.611,1314.799,0
1314.778,1315.131,1314.761,1314.778,0
1314.778,1314.778,1314.371,1314.501,1
1314.491,1314.601,1314.101,1314.502,0
1314.512,1314.671,1314.301,1314.622,0
1314.642,1315.042,1314.521,1314.712,0
1314.711,1314.731,1314.131,1314.328,1
1314.328,1314.782,1314.271,1314.562,0
1314.562,1314.608,1313.898,1313.912,1
1313.901,1314.598,1313.901,1314.598,0
1314.598,1314.798,1314.462,1314.462,1
1314.471,1314.812,1314.471,1314.792,0
1314.791,1314.882,1314.471,1314.571,1
1314.562,1314.562,1314.148,1314.351,1
1314.352,1314.392,1314.172,1314.202,1
1314.201,1314.322,1313.918,1314.091,1
1314.081,1314.282,1313.981,1314.091,0
1314.091,1314.359,1313.981,1314.158,0
1314.158,1314.681,1313.859,1314.581,0
1314.582,1314.792,1314.518,1314.761,0
1314.762,1314.958,1314.691,1314.958,0
1314.958,1314.958,1314.471,1314.478,1
1314.478,1314.809,1314.468,1314.682,0
1314.682,1314.692,1314.541,1314.602,1
1314.592,1314.592,1313.869,1314.101,1
1314.101,1314.332,1313.979,1313.991,1
1313.991,1314.121,1313.789,1313.981,1
1313.981,1314.002,1313.571,1313.811,1
1313.831,1314.092,1313.828,1313.991,0
1314.002,1314.072,1313.838,1313.891,1
1313.892,1314.389,1313.761,1314.032,0
1314.031,1314.619,1313.881,1314.028,1
1314.028,1314.229,1313.728,1313.829,1
1313.829,1314.009,1313.618,1313.988,0
1313.988,1314.039,1313.688,1314.009,0
1314.009,1314.219,1313.808,1314.218,0
1314.218,1314.329,1314.078,1314.198,1
1314.209,1314.682,1314.171,1314.662,0
1314.661,1314.792,1314.631,1314.762,0
1314.778,1314.849,1314.468,1314.792,0
1314.791,1314.909,1314.479,1314.871,0
1314.899,1315.989,1314.841,1315.979,0
1315.979,1316.248,1315.618,1315.641,1
1315.628,1315.881,1315.621,1315.719,0
1315.719,1316.472,1315.711,1316.461,0
1316.462,1317.469,1316.249,1317.431,0
1317.442,1317.478,1317.019,1317.278,1
1317.278,1317.421,1316.892,1317.361,0
1317.332,1317.412,1316.649,1316.751,1
1316.782,1316.911,1315.301,1315.902,1
1315.911,1315.959,1315.481,1315.959,0
1315.932,1316.788,1315.911,1316.642,0
1316.649,1317.089,1316.579,1316.768,0
1316.768,1316.769,1313.351,1314.091,1
1314.108,1314.879,1314.108,1314.791,0
1314.798,1315.212,1314.468,1315.199,0
1315.199,1315.652,1314.808,1315.242,0
1315.242,1315.651,1315.179,1315.332,0
1315.342,1315.868,1315.329,1315.752,0
1315.742,1316.188,1315.562,1316.181,0
1316.181,1316.378,1315.171,1315.271,1
1315.218,1316.309,1315.171,1315.962,0
1315.961,1316.472,1315.768,1316.361,0
1316.369,1316.401,1315.961,1316.161,1
1316.162,1316.309,1315.471,1315.671,1
1315.671,1315.981,1314.981,1315.808,0
1315.862,1316.391,1315.661,1316.368,0
1316.368,1316.572,1316.061,1316.091,1
1316.092,1316.491,1315.189,1316.201,0
1316.202,1317.781,1316.112,1317.101,0
1317.088,1317.262,1316.788,1316.968,1
1316.968,1317.911,1316.968,1317.789,0
1317.768,1317.799,1317.441,1317.531,1
1317.532,1317.631,1316.511,1316.721,1
1316.721,1317.342,1316.608,1317.001,0
1317.002,1317.521,1316.481,1317.481,0
1317.472,1317.721,1317.268,1317.521,0
1317.578,1317.892,1316.972,1317.082,1
1317.092,1317.252,1316.771,1316.871,1
1316.868,1316.868,1314.871,1315.802,1
1315.801,1316.562,1315.581,1316.462,0
1316.461,1316.772,1315.901,1316.381,1
1316.382,1316.462,1315.799,1316.462,0
1316.381,1316.562,1315.411,1315.661,1
1315.672,1316.161,1315.272,1315.492,1
1315.491,1316.301,1315.291,1316.192,0
1316.188,1316.708,1316.108,1316.501,0
1316.501,1317.001,1316.481,1316.582,0
1316.581,1317.112,1316.081,1316.402,1
1316.402,1316.499,1315.841,1316.498,0
1316.498,1316.572,1316.069,1316.501,0
1316.501,1316.918,1316.251,1316.261,1
1316.261,1316.872,1316.261,1316.612,0
1316.611,1317.048,1316.091,1316.251,1
1316.252,1316.399,1315.781,1315.948,1
1315.952,1316.172,1315.781,1315.961,0
1315.962,1316.271,1315.739,1315.962,0
1315.968,1316.249,1315.959,1316.198,0
1316.228,1316.479,1316.088,1316.479,0
1316.479,1317.079,1316.379,1316.629,0
1316.629,1316.939,1316.628,1316.848,0
1316.848,1317.339,1316.848,1317.029,0
1317.029,1317.328,1316.859,1317.009,1
1317.009,1317.338,1316.732,1316.768,1
1316.768,1316.969,1316.581,1316.721,1
1316.721,1317.012,1316.581,1316.588,1
1316.592,1316.841,1316.381,1316.541,1
1316.532,1316.721,1316.311,1316.521,1
1316.522,1316.662,1316.398,1316.531,0
1316.521,1317.029,1316.501,1316.952,0
1316.951,1317.039,1316.471,1316.492,1
1316.492,1316.572,1315.711,1315.952,1
1315.951,1316.472,1315.868,1316.069,0
1316.069,1316.101,1315.821,1315.951,1
1315.952,1316.261,1315.751,1315.791,1
1315.821,1316.432,1315.761,1316.341,0
1316.342,1316.352,1316.141,1316.152,1
1316.151,1316.421,1316.031,1316.131,1
1316.131,1316.302,1315.919,1316.142,0
1316.202,1316.602,1316.131,1316.541,0
1316.581,1317.192,1316.531,1317.032,0
1317.041,1317.212,1316.931,1317.212,0
1317.211,1317.212,1316.901,1316.982,1
1316.981,1317.071,1316.891,1316.951,1
1316.921,1316.922,1315.981,1316.001,1
1316.002,1316.172,1315.911,1316.001,1
1316.021,1316.361,1315.979,1316.132,0
1316.132,1316.225,1313.291,1313.311,1
1313.331,1313.372,1310.008,1310.522,1
1310.522,1310.522,1307.472,1308.052,1
1308.052,1309.362,1307.428,1308.782,0
1308.751,1309.642,1307.711,1309.292,0
1309.291,1309.492,1308.781,1309.492,0
1309.491,1310.902,1309.441,1310.281,0
1310.298,1311.821,1310.291,1311.381,0
1311.398,1311.442,1311.069,1311.212,1
1311.211,1312.049,1311.211,1312.042,0
1312.042,1313.148,1312.041,1312.471,0
1312.471,1312.979,1312.471,1312.961,0
1312.969,1314.489,1312.961,1314.478,0
1314.458,1314.822,1313.852,1314.482,0
1314.461,1314.778,1314.221,1314.671,0
1314.672,1314.988,1314.538,1314.958,0
1314.942,1315.092,1314.711,1314.778,1
1314.798,1316.201,1314.738,1315.582,0
1315.581,1316.029,1315.551,1316.008,0
1316.008,1316.029,1315.671,1315.968,1
1315.941,1316.649,1315.861,1315.882,1
1315.892,1315.892,1313.542,1313.671,1
1313.632,1315.072,1313.631,1314.122,0
1314.121,1315.022,1313.971,1314.968,0
1314.971,1315.731,1314.801,1315.451,0
1315.459,1315.469,1315.131,1315.241,1
1315.242,1315.271,1313.672,1314.271,1
1314.272,1314.272,1313.161,1313.562,1
1313.602,1313.632,1313.161,1313.261,1
1313.262,1313.262,1312.278,1312.502,1
1312.405,1312.882,1312.067,1312.841,0
1312.792,1313.291,1312.791,1313.112,0
1313.111,1313.182,1312.7,1312.86,1
1312.847,1312.85,1312.315,1312.547,1
1312.545,1312.925,1312.412,1312.752,0
1312.747,1313.137,1312.622,1312.851,0
1312.851,1312.851,1312.851,1312.851,0
1313.402,1313.402,1312.691,1312.851,1
1312.862,1313.582,1312.862,1313.402,0
1313.401,1313.422,1313.301,1313.412,0
1313.411,1313.462,1313.321,1313.451,0
1313.452,1313.472,1313.371,1313.402,1
1313.402,1313.402,1312.571,1312.641,1
1312.631,1312.751,1311.691,1311.699,1
1311.691,1311.698,1310.499,1310.791,1
1310.792,1310.902,1310.649,1310.701,1
1310.721,1311.542,1310.721,1311.129,0
1311.119,1311.532,1311.098,1311.291,0
1311.308,1311.322,1310.991,1311.112,1
1311.091,1311.122,1310.592,1310.701,1
1310.701,1310.812,1310.118,1310.271,1
1310.271,1310.362,1310.168,1310.231,1
1310.241,1310.342,1309.541,1309.572,1
1309.571,1309.582,1309.079,1309.391,1
1309.392,1309.392,1308.511,1308.819,1
1308.851,1308.992,1308.511,1308.982,0
1308.981,1309.109,1308.781,1308.781,1
1308.789,1308.979,1308.749,1308.979,0
1308.968,1309.079,1308.761,1308.869,1
1308.862,1308.869,1308.451,1308.491,1
1308.482,1309.302,1308.461,1309.212,0
1309.211,1309.822,1309.051,1309.061,1
1309.061,1309.061,1307.739,1308.471,1
1308.472,1308.568,1307.861,1308.201,1
1308.201,1308.452,1306.408,1306.448,1
1306.459,1307.401,1306.312,1306.619,0
1306.619,1306.692,1305.869,1306.081,1
1306.091,1307.009,1306.021,1306.908,0
1306.898,1306.962,1306.341,1306.341,1
1306.391,1306.411,1306.081,1306.211,1
1306.201,1307.062,1306.198,1307.062,0
1307.061,1307.222,1306.871,1307.022,1
1307.021,1307.301,1306.898,1307.111,0
1307.091,1307.432,1306.721,1306.872,1
1306.872,1306.972,1306.591,1306.848,1
1306.842,1307.071,1306.771,1307.062,0
1307.071,1307.501,1306.981,1307.472,0
1307.471,1307.792,1307.381,1307.668,0
1307.668,1307.868,1307.312,1307.552,1
1307.551,1307.672,1307.332,1307.671,0
1307.672,1307.971,1307.631,1307.952,0
1307.951,1307.991,1307.361,1307.412,1
1307.412,1307.562,1306.701,1306.722,1
1306.721,1307.022,1306.721,1306.921,0
1306.921,1307.162,1306.661,1306.981,0
1306.991,1306.991,1306.811,1306.922,1
1306.912,1307.022,1306.791,1306.912,0
1306.911,1306.912,1306.532,1306.581,1
1306.572,1306.602,1306.111,1306.191,1
1306.198,1306.448,1306.198,1306.429,0
1306.429,1306.821,1306.412,1306.811,0
1306.802,1306.841,1306.501,1306.711,1
1306.689,1307.071,1306.681,1306.972,0
1306.978,1307.122,1306.861,1307.122,0
1307.122,1307.202,1307.081,1307.152,0
1307.151,1307.312,1307.151,1307.282,0
1307.281,1307.292,1307.148,1307.202,1
1307.162,1307.452,1307.161,1307.372,0
1307.382,1307.572,1307.362,1307.462,0
1307.461,1307.501,1307.441,1307.461,0
1307.461,1307.482,1307.361,1307.382,1
1307.381,1307.752,1307.351,1307.751,0
1307.752,1308.222,1307.661,1308.211,0
1308.212,1308.421,1308.111,1308.281,0
1308.282,1308.292,1308.048,1308.081,1
1308.081,1308.182,1308.029,1308.082,0
1308.091,1308.102,1307.961,1308.052,1
1308.051,1308.242,1308.051,1308.151,0
1308.152,1308.152,1307.961,1307.982,1
1307.981,1307.982,1307.538,1307.682,1
1307.681,1307.882,1307.581,1307.781,0
1307.782,1308.192,1307.761,1308.192,0
1308.191,1308.482,1308.159,1308.381,0
1308.382,1308.402,1308.269,1308.372,1
1308.372,1308.402,1308.171,1308.281,1
1308.229,1308.462,1308.008,1308.442,0
1308.441,1309.692,1308.341,1309.508,0
1309.499,1309.602,1309.028,1309.051,1
1309.062,1309.392,1308.989,1309.362,0
1309.361,1310.041,1309.151,1309.991,0
1309.991,1310.252,1309.901,1310.092,0
1310.092,1310.302,1309.511,1309.512,1
1309.511,1310.492,1309.111,1310.461,0
1310.491,1310.731,1310.201,1310.311,1
1310.311,1310.318,1310.081,1310.222,1
1310.229,1310.429,1310.141,1310.318,0
1310.312,1310.362,1309.971,1310.218,1
1310.218,1310.401,1310.011,1310.111,1
1310.129,1310.912,1309.891,1310.851,0
1310.851,1310.852,1310.221,1310.231,1
1310.231,1310.431,1309.961,1310.151,1
1310.152,1310.351,1310.031,1310.159,0
1310.159,1310.172,1309.971,1310.082,1
1310.079,1310.079,1309.128,1309.471,1
1309.472,1309.502,1308.158,1308.472,1
1308.472,1308.882,1308.441,1308.762,0
1308.762,1309.519,1308.742,1309.432,0
1309.431,1309.432,1309.038,1309.361,1
1309.361,1310.131,1309.342,1310.031,0
1310.021,1310.169,1309.531,1309.731,1
1309.731,1310.669,1309.731,1310.631,0
1310.632,1310.842,1310.221,1310.522,1
1310.521,1310.798,1310.468,1310.759,0
1310.759,1311.392,1310.759,1310.932,0
1310.931,1310.962,1310.511,1310.631,1
1310.642,1310.888,1310.611,1310.738,0
1310.738,1310.949,1310.638,1310.721,1
1310.721,1311.222,1310.621,1311.121,0
1311.122,1311.232,1310.821,1311.202,0
1311.191,1311.211,1310.502,1310.691,1
1310.691,1311.239,1310.572,1311.021,0
1311.022,1311.672,1311.021,1311.572,0
1311.572,1311.572,1311.091,1311.092,1
1311.091,1311.442,1311.081,1311.322,0
1311.322,1312.109,1311.321,1311.988,0
1311.939,1311.952,1311.588,1311.788,1
1311.788,1311.799,1311.311,1311.668,1
1311.668,1311.978,1311.529,1311.978,0
1311.978,1312.318,1311.978,1312.318,0
1312.318,1312.319,1312.168,1312.319,0
1312.319,1312.502,1312.169,1312.482,0
1312.481,1312.672,1311.958,1312.268,1
1312.268,1312.709,1312.048,1312.661,0
1312.658,1312.902,1312.422,1312.861,0
1312.869,1313.502,1312.688,1312.808,1
1312.808,1313.309,1312.788,1313.068,0
1313.068,1314.282,1313.058,1313.968,0
1313.961,1314.162,1313.731,1313.771,1
1313.772,1313.822,1313.391,1313.681,1
1313.681,1313.929,1313.398,1313.521,1
1313.508,1313.982,1313.391,1313.971,0
1313.971,1314.292,1313.691,1313.691,1
1313.691,1313.722,1312.981,1313.092,1
1313.141,1313.172,1312.198,1312.328,1
1312.328,1312.982,1312.328,1312.902,0
1312.932,1313.998,1312.902,1313.472,0
1313.471,1314.019,1313.459,1313.918,0
1313.918,1314.119,1313.682,1313.812,1
1313.811,1313.852,1313.151,1313.182,1
1313.181,1313.542,1313.091,1313.501,0
1313.491,1313.652,1313.491,1313.498,0
1313.498,1313.832,1313.448,1313.698,0
1313.698,1313.798,1313.391,1313.411,1
1313.412,1313.418,1312.482,1312.812,1
1312.821,1313.232,1312.801,1312.821,0
1312.828,1313.038,1312.682,1312.891,0
1312.981,1313.082,1312.878,1312.878,1
1312.878,1313.099,1312.791,1313.029,0
1313.018,1313.322,1313.011,1313.102,0
1313.101,1313.409,1313.098,1313.201,0
1313.218,1313.739,1313.199,1313.739,0
1313.739,1313.789,1313.421,1313.601,1
1313.602,1313.602,1312.878,1312.901,1
1312.901,1313.229,1312.779,1313.031,0
1313.031,1313.152,1312.851,1312.931,1
1312.931,1313.161,1312.831,1313.111,0
1313.112,1313.462,1312.439,1312.489,1
1312.489,1312.538,1311.631,1311.871,1
1311.901,1312.462,1311.891,1312.361,0
1312.362,1312.629,1312.251,1312.608,0
1312.599,1313.211,1312.598,1312.961,0
1312.979,1313.019,1312.652,1312.768,1
1312.751,1312.822,1312.531,1312.761,0
1312.761,1313.092,1312.652,1313.052,0
1313.051,1313.379,1312.951,1313.261,0
1313.298,1313.311,1312.421,1312.939,1
1312.939,1312.939,1312.111,1312.232,1
1312.221,1312.512,1311.878,1312.251,0
1310.798,1311.908,1309.168,1311.808,0
1311.808,1315.601,1311.608,1315.571,0
1315.571,1317.212,1314.672,1314.981,1
1314.952,1316.819,1314.158,1314.158,1
1314.258,1314.333,1312.581,1313.812,1
1313.841,1314.422,1313.191,1313.799,1
1313.799,1314.832,1313.698,1314.681,0
1314.681,1314.731,1313.991,1314.089,1
1314.101,1316.102,1313.978,1314.788,0
1314.809,1315.699,1314.591,1315.468,0
1315.471,1315.738,1315.291,1315.391,1
